url_path,views_total,views_unique
/lulunac27a/lulunac27a/discussions,16,16
/lulunac27a/lulunac27a/pulls,3,3
/lulunac27a/lulunac27a,3,2
/lulunac27a/lulunac27a/issues,3,2
/lulunac27a/lulunac27a/blob/main/github-metrics.svg,2,1
/lulunac27a/lulunac27a/commit/90d7c4293161f43c4ebefdf37bce4b1bc448be16,2,1
/lulunac27a/lulunac27a/commit/981c578574b7eaffe4d89502332f53edd2a276d8,2,1
/lulunac27a/lulunac27a/actions,1,1
/lulunac27a/lulunac27a/commit/41cfde47462911ab58a156b9acff347151d0b82c,1,1
/lulunac27a/lulunac27a/compare,1,1
